Anuncio;Titulo do anuncio (max. 60);Variacao: Cor;Variacao: Tamanho;Tam. legging;Tam. top;SKU;Preco (R$);Estoque ML;Estoque no site hoje;Condicao;Codigo universal (EAN);Marca;Modelo;Genero;Tipo de roupa;Composicao;Tipo de bojo;E esportivo;Tipo de anuncio;Forma de envio;Garantia;Peso da embalagem (g);Altura emb. (cm);Largura emb. (cm);Comprimento emb. (cm);Fotos (URLs separadas por virgula);Descricao
#1;Conjunto Fitness Legging Cintura Alta + Top Matcha;Verde;P/P;P;P;CTS-MATCHA-LP-TP;189;13;13;Novo;Nao tenho codigo universal;Contt.s;Conjunto Shape Matcha;Feminino;Conjunto;Poliamida com elastano;Bojo fixo;Sim;Classico;Mercado Envios;Garantia do vendedor: 30 dias;350;5;22;30;https://cdn.shopify.com/s/files/1/0986/2430/7486/files/1_79b30e4a-aeb6-41b7-8fed-2fdb2171fd34.png, https://cdn.shopify.com/s/files/1/0986/2430/7486/files/3_1732dfaa-7367-4ad9-aa42-523be0187a90.png, https://cdn.shopify.com/s/files/1/0986/2430/7486/files/2_55ecdae7-11f5-444e-8209-e77864ad95a4.png, https://cdn.shopify.com/s/files/1/0986/2430/7486/files/2CE0018D-4C58-4BD1-AF17-2ACB97C88580.png;"O Conjunto Matcha foi desenvolvido para valorizar suas curvas com conforto, seguranca e muito estilo. Confeccionado em poliamida de alta qualidade, possui toque macio, excelente elasticidade e ZERO TRANSPARENCIA, proporcionando mais seguranca durante os treinos.

O top possui bojo, oferecendo melhor sustentacao e valorizando o busto. A legging conta com modelagem estrategica que valoriza e realca o bumbum, desenhando as curvas e proporcionando um efeito ainda mais bonito ao corpo.

Um conjunto perfeito para quem busca unir performance, conforto e uma modelagem que valoriza a silhueta.

COMO ESCOLHER O TAMANHO
Cada conjunto sai com a legging e o top no tamanho que voce escolher, e eles podem ser diferentes. Na opcao de tamanho, o primeiro valor e o da LEGGING e o segundo e o do TOP. Exemplo: M/G = legging M com top G. Se voce usa o mesmo tamanho nas duas pecas, escolha P/P, M/M ou G/G. A tabela de medidas esta nas fotos do anuncio."
#1;Conjunto Fitness Legging Cintura Alta + Top Matcha;Verde;M/P;M;P;CTS-MATCHA-LM-TP;189;13;13;Novo;Nao tenho codigo universal;Contt.s;Conjunto Shape Matcha;Feminino;Conjunto;Poliamida com elastano;Bojo fixo;Sim;Classico;Mercado Envios;Garantia do vendedor: 30 dias;350;5;22;30;https://cdn.shopify.com/s/files/1/0986/2430/7486/files/1_79b30e4a-aeb6-41b7-8fed-2fdb2171fd34.png, https://cdn.shopify.com/s/files/1/0986/2430/7486/files/3_1732dfaa-7367-4ad9-aa42-523be0187a90.png, https://cdn.shopify.com/s/files/1/0986/2430/7486/files/2_55ecdae7-11f5-444e-8209-e77864ad95a4.png, https://cdn.shopify.com/s/files/1/0986/2430/7486/files/2CE0018D-4C58-4BD1-AF17-2ACB97C88580.png;"O Conjunto Matcha foi desenvolvido para valorizar suas curvas com conforto, seguranca e muito estilo. Confeccionado em poliamida de alta qualidade, possui toque macio, excelente elasticidade e ZERO TRANSPARENCIA, proporcionando mais seguranca durante os treinos.

O top possui bojo, oferecendo melhor sustentacao e valorizando o busto. A legging conta com modelagem estrategica que valoriza e realca o bumbum, desenhando as curvas e proporcionando um efeito ainda mais bonito ao corpo.

Um conjunto perfeito para quem busca unir performance, conforto e uma modelagem que valoriza a silhueta.

COMO ESCOLHER O TAMANHO
Cada conjunto sai com a legging e o top no tamanho que voce escolher, e eles podem ser diferentes. Na opcao de tamanho, o primeiro valor e o da LEGGING e o segundo e o do TOP. Exemplo: M/G = legging M com top G. Se voce usa o mesmo tamanho nas duas pecas, escolha P/P, M/M ou G/G. A tabela de medidas esta nas fotos do anuncio."
#1;Conjunto Fitness Legging Cintura Alta + Top Matcha;Verde;G/P;G;P;CTS-MATCHA-LG-TP;189;13;13;Novo;Nao tenho codigo universal;Contt.s;Conjunto Shape Matcha;Feminino;Conjunto;Poliamida com elastano;Bojo fixo;Sim;Classico;Mercado Envios;Garantia do vendedor: 30 dias;350;5;22;30;https://cdn.shopify.com/s/files/1/0986/2430/7486/files/1_79b30e4a-aeb6-41b7-8fed-2fdb2171fd34.png, https://cdn.shopify.com/s/files/1/0986/2430/7486/files/3_1732dfaa-7367-4ad9-aa42-523be0187a90.png, https://cdn.shopify.com/s/files/1/0986/2430/7486/files/2_55ecdae7-11f5-444e-8209-e77864ad95a4.png, https://cdn.shopify.com/s/files/1/0986/2430/7486/files/2CE0018D-4C58-4BD1-AF17-2ACB97C88580.png;"O Conjunto Matcha foi desenvolvido para valorizar suas curvas com conforto, seguranca e muito estilo. Confeccionado em poliamida de alta qualidade, possui toque macio, excelente elasticidade e ZERO TRANSPARENCIA, proporcionando mais seguranca durante os treinos.

O top possui bojo, oferecendo melhor sustentacao e valorizando o busto. A legging conta com modelagem estrategica que valoriza e realca o bumbum, desenhando as curvas e proporcionando um efeito ainda mais bonito ao corpo.

Um conjunto perfeito para quem busca unir performance, conforto e uma modelagem que valoriza a silhueta.

COMO ESCOLHER O TAMANHO
Cada conjunto sai com a legging e o top no tamanho que voce escolher, e eles podem ser diferentes. Na opcao de tamanho, o primeiro valor e o da LEGGING e o segundo e o do TOP. Exemplo: M/G = legging M com top G. Se voce usa o mesmo tamanho nas duas pecas, escolha P/P, M/M ou G/G. A tabela de medidas esta nas fotos do anuncio."
#1;Conjunto Fitness Legging Cintura Alta + Top Matcha;Verde;P/M;P;M;CTS-MATCHA-LP-TM;189;13;13;Novo;Nao tenho codigo universal;Contt.s;Conjunto Shape Matcha;Feminino;Conjunto;Poliamida com elastano;Bojo fixo;Sim;Classico;Mercado Envios;Garantia do vendedor: 30 dias;350;5;22;30;https://cdn.shopify.com/s/files/1/0986/2430/7486/files/1_79b30e4a-aeb6-41b7-8fed-2fdb2171fd34.png, https://cdn.shopify.com/s/files/1/0986/2430/7486/files/3_1732dfaa-7367-4ad9-aa42-523be0187a90.png, https://cdn.shopify.com/s/files/1/0986/2430/7486/files/2_55ecdae7-11f5-444e-8209-e77864ad95a4.png, https://cdn.shopify.com/s/files/1/0986/2430/7486/files/2CE0018D-4C58-4BD1-AF17-2ACB97C88580.png;"O Conjunto Matcha foi desenvolvido para valorizar suas curvas com conforto, seguranca e muito estilo. Confeccionado em poliamida de alta qualidade, possui toque macio, excelente elasticidade e ZERO TRANSPARENCIA, proporcionando mais seguranca durante os treinos.

O top possui bojo, oferecendo melhor sustentacao e valorizando o busto. A legging conta com modelagem estrategica que valoriza e realca o bumbum, desenhando as curvas e proporcionando um efeito ainda mais bonito ao corpo.

Um conjunto perfeito para quem busca unir performance, conforto e uma modelagem que valoriza a silhueta.

COMO ESCOLHER O TAMANHO
Cada conjunto sai com a legging e o top no tamanho que voce escolher, e eles podem ser diferentes. Na opcao de tamanho, o primeiro valor e o da LEGGING e o segundo e o do TOP. Exemplo: M/G = legging M com top G. Se voce usa o mesmo tamanho nas duas pecas, escolha P/P, M/M ou G/G. A tabela de medidas esta nas fotos do anuncio."
#1;Conjunto Fitness Legging Cintura Alta + Top Matcha;Verde;P/G;P;G;CTS-MATCHA-LP-TG;189;13;13;Novo;Nao tenho codigo universal;Contt.s;Conjunto Shape Matcha;Feminino;Conjunto;Poliamida com elastano;Bojo fixo;Sim;Classico;Mercado Envios;Garantia do vendedor: 30 dias;350;5;22;30;https://cdn.shopify.com/s/files/1/0986/2430/7486/files/1_79b30e4a-aeb6-41b7-8fed-2fdb2171fd34.png, https://cdn.shopify.com/s/files/1/0986/2430/7486/files/3_1732dfaa-7367-4ad9-aa42-523be0187a90.png, https://cdn.shopify.com/s/files/1/0986/2430/7486/files/2_55ecdae7-11f5-444e-8209-e77864ad95a4.png, https://cdn.shopify.com/s/files/1/0986/2430/7486/files/2CE0018D-4C58-4BD1-AF17-2ACB97C88580.png;"O Conjunto Matcha foi desenvolvido para valorizar suas curvas com conforto, seguranca e muito estilo. Confeccionado em poliamida de alta qualidade, possui toque macio, excelente elasticidade e ZERO TRANSPARENCIA, proporcionando mais seguranca durante os treinos.

O top possui bojo, oferecendo melhor sustentacao e valorizando o busto. A legging conta com modelagem estrategica que valoriza e realca o bumbum, desenhando as curvas e proporcionando um efeito ainda mais bonito ao corpo.

Um conjunto perfeito para quem busca unir performance, conforto e uma modelagem que valoriza a silhueta.

COMO ESCOLHER O TAMANHO
Cada conjunto sai com a legging e o top no tamanho que voce escolher, e eles podem ser diferentes. Na opcao de tamanho, o primeiro valor e o da LEGGING e o segundo e o do TOP. Exemplo: M/G = legging M com top G. Se voce usa o mesmo tamanho nas duas pecas, escolha P/P, M/M ou G/G. A tabela de medidas esta nas fotos do anuncio."
#1;Conjunto Fitness Legging Cintura Alta + Top Matcha;Verde;M/M;M;M;CTS-MATCHA-LM-TM;189;13;13;Novo;Nao tenho codigo universal;Contt.s;Conjunto Shape Matcha;Feminino;Conjunto;Poliamida com elastano;Bojo fixo;Sim;Classico;Mercado Envios;Garantia do vendedor: 30 dias;350;5;22;30;https://cdn.shopify.com/s/files/1/0986/2430/7486/files/1_79b30e4a-aeb6-41b7-8fed-2fdb2171fd34.png, https://cdn.shopify.com/s/files/1/0986/2430/7486/files/3_1732dfaa-7367-4ad9-aa42-523be0187a90.png, https://cdn.shopify.com/s/files/1/0986/2430/7486/files/2_55ecdae7-11f5-444e-8209-e77864ad95a4.png, https://cdn.shopify.com/s/files/1/0986/2430/7486/files/2CE0018D-4C58-4BD1-AF17-2ACB97C88580.png;"O Conjunto Matcha foi desenvolvido para valorizar suas curvas com conforto, seguranca e muito estilo. Confeccionado em poliamida de alta qualidade, possui toque macio, excelente elasticidade e ZERO TRANSPARENCIA, proporcionando mais seguranca durante os treinos.

O top possui bojo, oferecendo melhor sustentacao e valorizando o busto. A legging conta com modelagem estrategica que valoriza e realca o bumbum, desenhando as curvas e proporcionando um efeito ainda mais bonito ao corpo.

Um conjunto perfeito para quem busca unir performance, conforto e uma modelagem que valoriza a silhueta.

COMO ESCOLHER O TAMANHO
Cada conjunto sai com a legging e o top no tamanho que voce escolher, e eles podem ser diferentes. Na opcao de tamanho, o primeiro valor e o da LEGGING e o segundo e o do TOP. Exemplo: M/G = legging M com top G. Se voce usa o mesmo tamanho nas duas pecas, escolha P/P, M/M ou G/G. A tabela de medidas esta nas fotos do anuncio."
#1;Conjunto Fitness Legging Cintura Alta + Top Matcha;Verde;M/G;M;G;CTS-MATCHA-LM-TG;189;12;12;Novo;Nao tenho codigo universal;Contt.s;Conjunto Shape Matcha;Feminino;Conjunto;Poliamida com elastano;Bojo fixo;Sim;Classico;Mercado Envios;Garantia do vendedor: 30 dias;350;5;22;30;https://cdn.shopify.com/s/files/1/0986/2430/7486/files/1_79b30e4a-aeb6-41b7-8fed-2fdb2171fd34.png, https://cdn.shopify.com/s/files/1/0986/2430/7486/files/3_1732dfaa-7367-4ad9-aa42-523be0187a90.png, https://cdn.shopify.com/s/files/1/0986/2430/7486/files/2_55ecdae7-11f5-444e-8209-e77864ad95a4.png, https://cdn.shopify.com/s/files/1/0986/2430/7486/files/2CE0018D-4C58-4BD1-AF17-2ACB97C88580.png;"O Conjunto Matcha foi desenvolvido para valorizar suas curvas com conforto, seguranca e muito estilo. Confeccionado em poliamida de alta qualidade, possui toque macio, excelente elasticidade e ZERO TRANSPARENCIA, proporcionando mais seguranca durante os treinos.

O top possui bojo, oferecendo melhor sustentacao e valorizando o busto. A legging conta com modelagem estrategica que valoriza e realca o bumbum, desenhando as curvas e proporcionando um efeito ainda mais bonito ao corpo.

Um conjunto perfeito para quem busca unir performance, conforto e uma modelagem que valoriza a silhueta.

COMO ESCOLHER O TAMANHO
Cada conjunto sai com a legging e o top no tamanho que voce escolher, e eles podem ser diferentes. Na opcao de tamanho, o primeiro valor e o da LEGGING e o segundo e o do TOP. Exemplo: M/G = legging M com top G. Se voce usa o mesmo tamanho nas duas pecas, escolha P/P, M/M ou G/G. A tabela de medidas esta nas fotos do anuncio."
#1;Conjunto Fitness Legging Cintura Alta + Top Matcha;Verde;G/M;G;M;CTS-MATCHA-LG-TM;189;13;13;Novo;Nao tenho codigo universal;Contt.s;Conjunto Shape Matcha;Feminino;Conjunto;Poliamida com elastano;Bojo fixo;Sim;Classico;Mercado Envios;Garantia do vendedor: 30 dias;350;5;22;30;https://cdn.shopify.com/s/files/1/0986/2430/7486/files/1_79b30e4a-aeb6-41b7-8fed-2fdb2171fd34.png, https://cdn.shopify.com/s/files/1/0986/2430/7486/files/3_1732dfaa-7367-4ad9-aa42-523be0187a90.png, https://cdn.shopify.com/s/files/1/0986/2430/7486/files/2_55ecdae7-11f5-444e-8209-e77864ad95a4.png, https://cdn.shopify.com/s/files/1/0986/2430/7486/files/2CE0018D-4C58-4BD1-AF17-2ACB97C88580.png;"O Conjunto Matcha foi desenvolvido para valorizar suas curvas com conforto, seguranca e muito estilo. Confeccionado em poliamida de alta qualidade, possui toque macio, excelente elasticidade e ZERO TRANSPARENCIA, proporcionando mais seguranca durante os treinos.

O top possui bojo, oferecendo melhor sustentacao e valorizando o busto. A legging conta com modelagem estrategica que valoriza e realca o bumbum, desenhando as curvas e proporcionando um efeito ainda mais bonito ao corpo.

Um conjunto perfeito para quem busca unir performance, conforto e uma modelagem que valoriza a silhueta.

COMO ESCOLHER O TAMANHO
Cada conjunto sai com a legging e o top no tamanho que voce escolher, e eles podem ser diferentes. Na opcao de tamanho, o primeiro valor e o da LEGGING e o segundo e o do TOP. Exemplo: M/G = legging M com top G. Se voce usa o mesmo tamanho nas duas pecas, escolha P/P, M/M ou G/G. A tabela de medidas esta nas fotos do anuncio."
#1;Conjunto Fitness Legging Cintura Alta + Top Matcha;Verde;G/G;G;G;CTS-MATCHA-LG-TG;189;13;13;Novo;Nao tenho codigo universal;Contt.s;Conjunto Shape Matcha;Feminino;Conjunto;Poliamida com elastano;Bojo fixo;Sim;Classico;Mercado Envios;Garantia do vendedor: 30 dias;350;5;22;30;https://cdn.shopify.com/s/files/1/0986/2430/7486/files/1_79b30e4a-aeb6-41b7-8fed-2fdb2171fd34.png, https://cdn.shopify.com/s/files/1/0986/2430/7486/files/3_1732dfaa-7367-4ad9-aa42-523be0187a90.png, https://cdn.shopify.com/s/files/1/0986/2430/7486/files/2_55ecdae7-11f5-444e-8209-e77864ad95a4.png, https://cdn.shopify.com/s/files/1/0986/2430/7486/files/2CE0018D-4C58-4BD1-AF17-2ACB97C88580.png;"O Conjunto Matcha foi desenvolvido para valorizar suas curvas com conforto, seguranca e muito estilo. Confeccionado em poliamida de alta qualidade, possui toque macio, excelente elasticidade e ZERO TRANSPARENCIA, proporcionando mais seguranca durante os treinos.

O top possui bojo, oferecendo melhor sustentacao e valorizando o busto. A legging conta com modelagem estrategica que valoriza e realca o bumbum, desenhando as curvas e proporcionando um efeito ainda mais bonito ao corpo.

Um conjunto perfeito para quem busca unir performance, conforto e uma modelagem que valoriza a silhueta.

COMO ESCOLHER O TAMANHO
Cada conjunto sai com a legging e o top no tamanho que voce escolher, e eles podem ser diferentes. Na opcao de tamanho, o primeiro valor e o da LEGGING e o segundo e o do TOP. Exemplo: M/G = legging M com top G. Se voce usa o mesmo tamanho nas duas pecas, escolha P/P, M/M ou G/G. A tabela de medidas esta nas fotos do anuncio."
#2;Conjunto Fitness Legging Cintura Alta + Top Off White;Branco;P/P;P;P;CTS-OFFWHITE-LP-TP;189;12;12;Novo;Nao tenho codigo universal;Contt.s;Conjunto Shape Off White;Feminino;Conjunto;Poliamida com elastano;Bojo fixo;Sim;Classico;Mercado Envios;Garantia do vendedor: 30 dias;350;5;22;30;https://cdn.shopify.com/s/files/1/0986/2430/7486/files/6_da2222ad-a81d-42cd-9b4e-ed2f00b32c3c.png, https://cdn.shopify.com/s/files/1/0986/2430/7486/files/4_070ccd73-5eb7-4560-b6ba-d54a369ae2d0.png, https://cdn.shopify.com/s/files/1/0986/2430/7486/files/5_aab050bd-6eac-458c-a8d1-400b3e1894bd.png, https://cdn.shopify.com/s/files/1/0986/2430/7486/files/2CF040B5-41D0-40B2-8023-04AE68142EC1.png;"O Conjunto Off White foi desenvolvido para valorizar suas curvas com conforto, seguranca e muito estilo. Confeccionado em poliamida de alta qualidade, possui toque macio, excelente elasticidade e ZERO TRANSPARENCIA, proporcionando mais seguranca durante os treinos.

O top possui bojo, oferecendo melhor sustentacao e valorizando o busto. A legging conta com modelagem estrategica que valoriza e realca o bumbum, desenhando as curvas e proporcionando um efeito ainda mais bonito ao corpo.

Um conjunto perfeito para quem busca unir performance, conforto e uma modelagem que valoriza a silhueta.

COMO ESCOLHER O TAMANHO
Cada conjunto sai com a legging e o top no tamanho que voce escolher, e eles podem ser diferentes. Na opcao de tamanho, o primeiro valor e o da LEGGING e o segundo e o do TOP. Exemplo: M/G = legging M com top G. Se voce usa o mesmo tamanho nas duas pecas, escolha P/P, M/M ou G/G. A tabela de medidas esta nas fotos do anuncio."
#2;Conjunto Fitness Legging Cintura Alta + Top Off White;Branco;M/P;M;P;CTS-OFFWHITE-LM-TP;189;12;12;Novo;Nao tenho codigo universal;Contt.s;Conjunto Shape Off White;Feminino;Conjunto;Poliamida com elastano;Bojo fixo;Sim;Classico;Mercado Envios;Garantia do vendedor: 30 dias;350;5;22;30;https://cdn.shopify.com/s/files/1/0986/2430/7486/files/6_da2222ad-a81d-42cd-9b4e-ed2f00b32c3c.png, https://cdn.shopify.com/s/files/1/0986/2430/7486/files/4_070ccd73-5eb7-4560-b6ba-d54a369ae2d0.png, https://cdn.shopify.com/s/files/1/0986/2430/7486/files/5_aab050bd-6eac-458c-a8d1-400b3e1894bd.png, https://cdn.shopify.com/s/files/1/0986/2430/7486/files/2CF040B5-41D0-40B2-8023-04AE68142EC1.png;"O Conjunto Off White foi desenvolvido para valorizar suas curvas com conforto, seguranca e muito estilo. Confeccionado em poliamida de alta qualidade, possui toque macio, excelente elasticidade e ZERO TRANSPARENCIA, proporcionando mais seguranca durante os treinos.

O top possui bojo, oferecendo melhor sustentacao e valorizando o busto. A legging conta com modelagem estrategica que valoriza e realca o bumbum, desenhando as curvas e proporcionando um efeito ainda mais bonito ao corpo.

Um conjunto perfeito para quem busca unir performance, conforto e uma modelagem que valoriza a silhueta.

COMO ESCOLHER O TAMANHO
Cada conjunto sai com a legging e o top no tamanho que voce escolher, e eles podem ser diferentes. Na opcao de tamanho, o primeiro valor e o da LEGGING e o segundo e o do TOP. Exemplo: M/G = legging M com top G. Se voce usa o mesmo tamanho nas duas pecas, escolha P/P, M/M ou G/G. A tabela de medidas esta nas fotos do anuncio."
#2;Conjunto Fitness Legging Cintura Alta + Top Off White;Branco;G/P;G;P;CTS-OFFWHITE-LG-TP;189;12;12;Novo;Nao tenho codigo universal;Contt.s;Conjunto Shape Off White;Feminino;Conjunto;Poliamida com elastano;Bojo fixo;Sim;Classico;Mercado Envios;Garantia do vendedor: 30 dias;350;5;22;30;https://cdn.shopify.com/s/files/1/0986/2430/7486/files/6_da2222ad-a81d-42cd-9b4e-ed2f00b32c3c.png, https://cdn.shopify.com/s/files/1/0986/2430/7486/files/4_070ccd73-5eb7-4560-b6ba-d54a369ae2d0.png, https://cdn.shopify.com/s/files/1/0986/2430/7486/files/5_aab050bd-6eac-458c-a8d1-400b3e1894bd.png, https://cdn.shopify.com/s/files/1/0986/2430/7486/files/2CF040B5-41D0-40B2-8023-04AE68142EC1.png;"O Conjunto Off White foi desenvolvido para valorizar suas curvas com conforto, seguranca e muito estilo. Confeccionado em poliamida de alta qualidade, possui toque macio, excelente elasticidade e ZERO TRANSPARENCIA, proporcionando mais seguranca durante os treinos.

O top possui bojo, oferecendo melhor sustentacao e valorizando o busto. A legging conta com modelagem estrategica que valoriza e realca o bumbum, desenhando as curvas e proporcionando um efeito ainda mais bonito ao corpo.

Um conjunto perfeito para quem busca unir performance, conforto e uma modelagem que valoriza a silhueta.

COMO ESCOLHER O TAMANHO
Cada conjunto sai com a legging e o top no tamanho que voce escolher, e eles podem ser diferentes. Na opcao de tamanho, o primeiro valor e o da LEGGING e o segundo e o do TOP. Exemplo: M/G = legging M com top G. Se voce usa o mesmo tamanho nas duas pecas, escolha P/P, M/M ou G/G. A tabela de medidas esta nas fotos do anuncio."
#2;Conjunto Fitness Legging Cintura Alta + Top Off White;Branco;P/M;P;M;CTS-OFFWHITE-LP-TM;189;12;12;Novo;Nao tenho codigo universal;Contt.s;Conjunto Shape Off White;Feminino;Conjunto;Poliamida com elastano;Bojo fixo;Sim;Classico;Mercado Envios;Garantia do vendedor: 30 dias;350;5;22;30;https://cdn.shopify.com/s/files/1/0986/2430/7486/files/6_da2222ad-a81d-42cd-9b4e-ed2f00b32c3c.png, https://cdn.shopify.com/s/files/1/0986/2430/7486/files/4_070ccd73-5eb7-4560-b6ba-d54a369ae2d0.png, https://cdn.shopify.com/s/files/1/0986/2430/7486/files/5_aab050bd-6eac-458c-a8d1-400b3e1894bd.png, https://cdn.shopify.com/s/files/1/0986/2430/7486/files/2CF040B5-41D0-40B2-8023-04AE68142EC1.png;"O Conjunto Off White foi desenvolvido para valorizar suas curvas com conforto, seguranca e muito estilo. Confeccionado em poliamida de alta qualidade, possui toque macio, excelente elasticidade e ZERO TRANSPARENCIA, proporcionando mais seguranca durante os treinos.

O top possui bojo, oferecendo melhor sustentacao e valorizando o busto. A legging conta com modelagem estrategica que valoriza e realca o bumbum, desenhando as curvas e proporcionando um efeito ainda mais bonito ao corpo.

Um conjunto perfeito para quem busca unir performance, conforto e uma modelagem que valoriza a silhueta.

COMO ESCOLHER O TAMANHO
Cada conjunto sai com a legging e o top no tamanho que voce escolher, e eles podem ser diferentes. Na opcao de tamanho, o primeiro valor e o da LEGGING e o segundo e o do TOP. Exemplo: M/G = legging M com top G. Se voce usa o mesmo tamanho nas duas pecas, escolha P/P, M/M ou G/G. A tabela de medidas esta nas fotos do anuncio."
#2;Conjunto Fitness Legging Cintura Alta + Top Off White;Branco;P/G;P;G;CTS-OFFWHITE-LP-TG;189;12;12;Novo;Nao tenho codigo universal;Contt.s;Conjunto Shape Off White;Feminino;Conjunto;Poliamida com elastano;Bojo fixo;Sim;Classico;Mercado Envios;Garantia do vendedor: 30 dias;350;5;22;30;https://cdn.shopify.com/s/files/1/0986/2430/7486/files/6_da2222ad-a81d-42cd-9b4e-ed2f00b32c3c.png, https://cdn.shopify.com/s/files/1/0986/2430/7486/files/4_070ccd73-5eb7-4560-b6ba-d54a369ae2d0.png, https://cdn.shopify.com/s/files/1/0986/2430/7486/files/5_aab050bd-6eac-458c-a8d1-400b3e1894bd.png, https://cdn.shopify.com/s/files/1/0986/2430/7486/files/2CF040B5-41D0-40B2-8023-04AE68142EC1.png;"O Conjunto Off White foi desenvolvido para valorizar suas curvas com conforto, seguranca e muito estilo. Confeccionado em poliamida de alta qualidade, possui toque macio, excelente elasticidade e ZERO TRANSPARENCIA, proporcionando mais seguranca durante os treinos.

O top possui bojo, oferecendo melhor sustentacao e valorizando o busto. A legging conta com modelagem estrategica que valoriza e realca o bumbum, desenhando as curvas e proporcionando um efeito ainda mais bonito ao corpo.

Um conjunto perfeito para quem busca unir performance, conforto e uma modelagem que valoriza a silhueta.

COMO ESCOLHER O TAMANHO
Cada conjunto sai com a legging e o top no tamanho que voce escolher, e eles podem ser diferentes. Na opcao de tamanho, o primeiro valor e o da LEGGING e o segundo e o do TOP. Exemplo: M/G = legging M com top G. Se voce usa o mesmo tamanho nas duas pecas, escolha P/P, M/M ou G/G. A tabela de medidas esta nas fotos do anuncio."
#2;Conjunto Fitness Legging Cintura Alta + Top Off White;Branco;M/M;M;M;CTS-OFFWHITE-LM-TM;189;12;12;Novo;Nao tenho codigo universal;Contt.s;Conjunto Shape Off White;Feminino;Conjunto;Poliamida com elastano;Bojo fixo;Sim;Classico;Mercado Envios;Garantia do vendedor: 30 dias;350;5;22;30;https://cdn.shopify.com/s/files/1/0986/2430/7486/files/6_da2222ad-a81d-42cd-9b4e-ed2f00b32c3c.png, https://cdn.shopify.com/s/files/1/0986/2430/7486/files/4_070ccd73-5eb7-4560-b6ba-d54a369ae2d0.png, https://cdn.shopify.com/s/files/1/0986/2430/7486/files/5_aab050bd-6eac-458c-a8d1-400b3e1894bd.png, https://cdn.shopify.com/s/files/1/0986/2430/7486/files/2CF040B5-41D0-40B2-8023-04AE68142EC1.png;"O Conjunto Off White foi desenvolvido para valorizar suas curvas com conforto, seguranca e muito estilo. Confeccionado em poliamida de alta qualidade, possui toque macio, excelente elasticidade e ZERO TRANSPARENCIA, proporcionando mais seguranca durante os treinos.

O top possui bojo, oferecendo melhor sustentacao e valorizando o busto. A legging conta com modelagem estrategica que valoriza e realca o bumbum, desenhando as curvas e proporcionando um efeito ainda mais bonito ao corpo.

Um conjunto perfeito para quem busca unir performance, conforto e uma modelagem que valoriza a silhueta.

COMO ESCOLHER O TAMANHO
Cada conjunto sai com a legging e o top no tamanho que voce escolher, e eles podem ser diferentes. Na opcao de tamanho, o primeiro valor e o da LEGGING e o segundo e o do TOP. Exemplo: M/G = legging M com top G. Se voce usa o mesmo tamanho nas duas pecas, escolha P/P, M/M ou G/G. A tabela de medidas esta nas fotos do anuncio."
#2;Conjunto Fitness Legging Cintura Alta + Top Off White;Branco;M/G;M;G;CTS-OFFWHITE-LM-TG;189;11;11;Novo;Nao tenho codigo universal;Contt.s;Conjunto Shape Off White;Feminino;Conjunto;Poliamida com elastano;Bojo fixo;Sim;Classico;Mercado Envios;Garantia do vendedor: 30 dias;350;5;22;30;https://cdn.shopify.com/s/files/1/0986/2430/7486/files/6_da2222ad-a81d-42cd-9b4e-ed2f00b32c3c.png, https://cdn.shopify.com/s/files/1/0986/2430/7486/files/4_070ccd73-5eb7-4560-b6ba-d54a369ae2d0.png, https://cdn.shopify.com/s/files/1/0986/2430/7486/files/5_aab050bd-6eac-458c-a8d1-400b3e1894bd.png, https://cdn.shopify.com/s/files/1/0986/2430/7486/files/2CF040B5-41D0-40B2-8023-04AE68142EC1.png;"O Conjunto Off White foi desenvolvido para valorizar suas curvas com conforto, seguranca e muito estilo. Confeccionado em poliamida de alta qualidade, possui toque macio, excelente elasticidade e ZERO TRANSPARENCIA, proporcionando mais seguranca durante os treinos.

O top possui bojo, oferecendo melhor sustentacao e valorizando o busto. A legging conta com modelagem estrategica que valoriza e realca o bumbum, desenhando as curvas e proporcionando um efeito ainda mais bonito ao corpo.

Um conjunto perfeito para quem busca unir performance, conforto e uma modelagem que valoriza a silhueta.

COMO ESCOLHER O TAMANHO
Cada conjunto sai com a legging e o top no tamanho que voce escolher, e eles podem ser diferentes. Na opcao de tamanho, o primeiro valor e o da LEGGING e o segundo e o do TOP. Exemplo: M/G = legging M com top G. Se voce usa o mesmo tamanho nas duas pecas, escolha P/P, M/M ou G/G. A tabela de medidas esta nas fotos do anuncio."
#2;Conjunto Fitness Legging Cintura Alta + Top Off White;Branco;G/M;G;M;CTS-OFFWHITE-LG-TM;189;12;12;Novo;Nao tenho codigo universal;Contt.s;Conjunto Shape Off White;Feminino;Conjunto;Poliamida com elastano;Bojo fixo;Sim;Classico;Mercado Envios;Garantia do vendedor: 30 dias;350;5;22;30;https://cdn.shopify.com/s/files/1/0986/2430/7486/files/6_da2222ad-a81d-42cd-9b4e-ed2f00b32c3c.png, https://cdn.shopify.com/s/files/1/0986/2430/7486/files/4_070ccd73-5eb7-4560-b6ba-d54a369ae2d0.png, https://cdn.shopify.com/s/files/1/0986/2430/7486/files/5_aab050bd-6eac-458c-a8d1-400b3e1894bd.png, https://cdn.shopify.com/s/files/1/0986/2430/7486/files/2CF040B5-41D0-40B2-8023-04AE68142EC1.png;"O Conjunto Off White foi desenvolvido para valorizar suas curvas com conforto, seguranca e muito estilo. Confeccionado em poliamida de alta qualidade, possui toque macio, excelente elasticidade e ZERO TRANSPARENCIA, proporcionando mais seguranca durante os treinos.

O top possui bojo, oferecendo melhor sustentacao e valorizando o busto. A legging conta com modelagem estrategica que valoriza e realca o bumbum, desenhando as curvas e proporcionando um efeito ainda mais bonito ao corpo.

Um conjunto perfeito para quem busca unir performance, conforto e uma modelagem que valoriza a silhueta.

COMO ESCOLHER O TAMANHO
Cada conjunto sai com a legging e o top no tamanho que voce escolher, e eles podem ser diferentes. Na opcao de tamanho, o primeiro valor e o da LEGGING e o segundo e o do TOP. Exemplo: M/G = legging M com top G. Se voce usa o mesmo tamanho nas duas pecas, escolha P/P, M/M ou G/G. A tabela de medidas esta nas fotos do anuncio."
#2;Conjunto Fitness Legging Cintura Alta + Top Off White;Branco;G/G;G;G;CTS-OFFWHITE-LG-TG;189;12;12;Novo;Nao tenho codigo universal;Contt.s;Conjunto Shape Off White;Feminino;Conjunto;Poliamida com elastano;Bojo fixo;Sim;Classico;Mercado Envios;Garantia do vendedor: 30 dias;350;5;22;30;https://cdn.shopify.com/s/files/1/0986/2430/7486/files/6_da2222ad-a81d-42cd-9b4e-ed2f00b32c3c.png, https://cdn.shopify.com/s/files/1/0986/2430/7486/files/4_070ccd73-5eb7-4560-b6ba-d54a369ae2d0.png, https://cdn.shopify.com/s/files/1/0986/2430/7486/files/5_aab050bd-6eac-458c-a8d1-400b3e1894bd.png, https://cdn.shopify.com/s/files/1/0986/2430/7486/files/2CF040B5-41D0-40B2-8023-04AE68142EC1.png;"O Conjunto Off White foi desenvolvido para valorizar suas curvas com conforto, seguranca e muito estilo. Confeccionado em poliamida de alta qualidade, possui toque macio, excelente elasticidade e ZERO TRANSPARENCIA, proporcionando mais seguranca durante os treinos.

O top possui bojo, oferecendo melhor sustentacao e valorizando o busto. A legging conta com modelagem estrategica que valoriza e realca o bumbum, desenhando as curvas e proporcionando um efeito ainda mais bonito ao corpo.

Um conjunto perfeito para quem busca unir performance, conforto e uma modelagem que valoriza a silhueta.

COMO ESCOLHER O TAMANHO
Cada conjunto sai com a legging e o top no tamanho que voce escolher, e eles podem ser diferentes. Na opcao de tamanho, o primeiro valor e o da LEGGING e o segundo e o do TOP. Exemplo: M/G = legging M com top G. Se voce usa o mesmo tamanho nas duas pecas, escolha P/P, M/M ou G/G. A tabela de medidas esta nas fotos do anuncio."
#3;Conjunto Fitness Legging Cintura Alta + Top Petroleo;Azul petroleo;P/P;P;P;CTS-AURA-LP-TP;189;14;14;Novo;Nao tenho codigo universal;Contt.s;Conjunto Aura Petroleo;Feminino;Conjunto;Poliamida com elastano;Bojo removivel;Sim;Classico;Mercado Envios;Garantia do vendedor: 30 dias;350;5;22;30;https://cdn.shopify.com/s/files/1/0986/2430/7486/files/11_e3552932-1780-4696-8c2c-93416e4fc612.png, https://cdn.shopify.com/s/files/1/0986/2430/7486/files/12_e35d7013-5d49-41c7-98d1-509bd0ddcc28.png, https://cdn.shopify.com/s/files/1/0986/2430/7486/files/13_898ab4d8-a1ce-4fe0-afaa-83496462a715.png, https://cdn.shopify.com/s/files/1/0986/2430/7486/files/14_48939258-2086-4b46-add5-675e4955adb9.png;"O Conjunto Aura une conforto, sofisticacao e uma modelagem desenvolvida para valorizar suas curvas. Confeccionado em poliamida premium, possui toque extremamente macio, confortavel e agradavel ao corpo, alem de oferecer ZERO TRANSPARENCIA, garantindo mais seguranca durante os treinos.

O top acompanha bojo removivel, proporcionando melhor sustentacao, conforto e valorizando o busto. Sua modelagem se ajusta perfeitamente ao corpo para acompanhar seus movimentos.

A legging possui cintura alta, ajudando a disfarcar a regiao da barriga e modelar a silhueta. Alem disso, sua modelagem estrategica valoriza e realca o bumbum, destacando as curvas de forma bonita e natural.

Conforto, seguranca e uma modelagem que valoriza o seu corpo.

COMO ESCOLHER O TAMANHO
Cada conjunto sai com a legging e o top no tamanho que voce escolher, e eles podem ser diferentes. Na opcao de tamanho, o primeiro valor e o da LEGGING e o segundo e o do TOP. Exemplo: M/G = legging M com top G. Se voce usa o mesmo tamanho nas duas pecas, escolha P/P, M/M ou G/G. A tabela de medidas esta nas fotos do anuncio."
#3;Conjunto Fitness Legging Cintura Alta + Top Petroleo;Azul petroleo;M/P;M;P;CTS-AURA-LM-TP;189;14;14;Novo;Nao tenho codigo universal;Contt.s;Conjunto Aura Petroleo;Feminino;Conjunto;Poliamida com elastano;Bojo removivel;Sim;Classico;Mercado Envios;Garantia do vendedor: 30 dias;350;5;22;30;https://cdn.shopify.com/s/files/1/0986/2430/7486/files/11_e3552932-1780-4696-8c2c-93416e4fc612.png, https://cdn.shopify.com/s/files/1/0986/2430/7486/files/12_e35d7013-5d49-41c7-98d1-509bd0ddcc28.png, https://cdn.shopify.com/s/files/1/0986/2430/7486/files/13_898ab4d8-a1ce-4fe0-afaa-83496462a715.png, https://cdn.shopify.com/s/files/1/0986/2430/7486/files/14_48939258-2086-4b46-add5-675e4955adb9.png;"O Conjunto Aura une conforto, sofisticacao e uma modelagem desenvolvida para valorizar suas curvas. Confeccionado em poliamida premium, possui toque extremamente macio, confortavel e agradavel ao corpo, alem de oferecer ZERO TRANSPARENCIA, garantindo mais seguranca durante os treinos.

O top acompanha bojo removivel, proporcionando melhor sustentacao, conforto e valorizando o busto. Sua modelagem se ajusta perfeitamente ao corpo para acompanhar seus movimentos.

A legging possui cintura alta, ajudando a disfarcar a regiao da barriga e modelar a silhueta. Alem disso, sua modelagem estrategica valoriza e realca o bumbum, destacando as curvas de forma bonita e natural.

Conforto, seguranca e uma modelagem que valoriza o seu corpo.

COMO ESCOLHER O TAMANHO
Cada conjunto sai com a legging e o top no tamanho que voce escolher, e eles podem ser diferentes. Na opcao de tamanho, o primeiro valor e o da LEGGING e o segundo e o do TOP. Exemplo: M/G = legging M com top G. Se voce usa o mesmo tamanho nas duas pecas, escolha P/P, M/M ou G/G. A tabela de medidas esta nas fotos do anuncio."
#3;Conjunto Fitness Legging Cintura Alta + Top Petroleo;Azul petroleo;G/P;G;P;CTS-AURA-LG-TP;189;14;14;Novo;Nao tenho codigo universal;Contt.s;Conjunto Aura Petroleo;Feminino;Conjunto;Poliamida com elastano;Bojo removivel;Sim;Classico;Mercado Envios;Garantia do vendedor: 30 dias;350;5;22;30;https://cdn.shopify.com/s/files/1/0986/2430/7486/files/11_e3552932-1780-4696-8c2c-93416e4fc612.png, https://cdn.shopify.com/s/files/1/0986/2430/7486/files/12_e35d7013-5d49-41c7-98d1-509bd0ddcc28.png, https://cdn.shopify.com/s/files/1/0986/2430/7486/files/13_898ab4d8-a1ce-4fe0-afaa-83496462a715.png, https://cdn.shopify.com/s/files/1/0986/2430/7486/files/14_48939258-2086-4b46-add5-675e4955adb9.png;"O Conjunto Aura une conforto, sofisticacao e uma modelagem desenvolvida para valorizar suas curvas. Confeccionado em poliamida premium, possui toque extremamente macio, confortavel e agradavel ao corpo, alem de oferecer ZERO TRANSPARENCIA, garantindo mais seguranca durante os treinos.

O top acompanha bojo removivel, proporcionando melhor sustentacao, conforto e valorizando o busto. Sua modelagem se ajusta perfeitamente ao corpo para acompanhar seus movimentos.

A legging possui cintura alta, ajudando a disfarcar a regiao da barriga e modelar a silhueta. Alem disso, sua modelagem estrategica valoriza e realca o bumbum, destacando as curvas de forma bonita e natural.

Conforto, seguranca e uma modelagem que valoriza o seu corpo.

COMO ESCOLHER O TAMANHO
Cada conjunto sai com a legging e o top no tamanho que voce escolher, e eles podem ser diferentes. Na opcao de tamanho, o primeiro valor e o da LEGGING e o segundo e o do TOP. Exemplo: M/G = legging M com top G. Se voce usa o mesmo tamanho nas duas pecas, escolha P/P, M/M ou G/G. A tabela de medidas esta nas fotos do anuncio."
#3;Conjunto Fitness Legging Cintura Alta + Top Petroleo;Azul petroleo;P/M;P;M;CTS-AURA-LP-TM;189;14;14;Novo;Nao tenho codigo universal;Contt.s;Conjunto Aura Petroleo;Feminino;Conjunto;Poliamida com elastano;Bojo removivel;Sim;Classico;Mercado Envios;Garantia do vendedor: 30 dias;350;5;22;30;https://cdn.shopify.com/s/files/1/0986/2430/7486/files/11_e3552932-1780-4696-8c2c-93416e4fc612.png, https://cdn.shopify.com/s/files/1/0986/2430/7486/files/12_e35d7013-5d49-41c7-98d1-509bd0ddcc28.png, https://cdn.shopify.com/s/files/1/0986/2430/7486/files/13_898ab4d8-a1ce-4fe0-afaa-83496462a715.png, https://cdn.shopify.com/s/files/1/0986/2430/7486/files/14_48939258-2086-4b46-add5-675e4955adb9.png;"O Conjunto Aura une conforto, sofisticacao e uma modelagem desenvolvida para valorizar suas curvas. Confeccionado em poliamida premium, possui toque extremamente macio, confortavel e agradavel ao corpo, alem de oferecer ZERO TRANSPARENCIA, garantindo mais seguranca durante os treinos.

O top acompanha bojo removivel, proporcionando melhor sustentacao, conforto e valorizando o busto. Sua modelagem se ajusta perfeitamente ao corpo para acompanhar seus movimentos.

A legging possui cintura alta, ajudando a disfarcar a regiao da barriga e modelar a silhueta. Alem disso, sua modelagem estrategica valoriza e realca o bumbum, destacando as curvas de forma bonita e natural.

Conforto, seguranca e uma modelagem que valoriza o seu corpo.

COMO ESCOLHER O TAMANHO
Cada conjunto sai com a legging e o top no tamanho que voce escolher, e eles podem ser diferentes. Na opcao de tamanho, o primeiro valor e o da LEGGING e o segundo e o do TOP. Exemplo: M/G = legging M com top G. Se voce usa o mesmo tamanho nas duas pecas, escolha P/P, M/M ou G/G. A tabela de medidas esta nas fotos do anuncio."
#3;Conjunto Fitness Legging Cintura Alta + Top Petroleo;Azul petroleo;P/G;P;G;CTS-AURA-LP-TG;189;14;14;Novo;Nao tenho codigo universal;Contt.s;Conjunto Aura Petroleo;Feminino;Conjunto;Poliamida com elastano;Bojo removivel;Sim;Classico;Mercado Envios;Garantia do vendedor: 30 dias;350;5;22;30;https://cdn.shopify.com/s/files/1/0986/2430/7486/files/11_e3552932-1780-4696-8c2c-93416e4fc612.png, https://cdn.shopify.com/s/files/1/0986/2430/7486/files/12_e35d7013-5d49-41c7-98d1-509bd0ddcc28.png, https://cdn.shopify.com/s/files/1/0986/2430/7486/files/13_898ab4d8-a1ce-4fe0-afaa-83496462a715.png, https://cdn.shopify.com/s/files/1/0986/2430/7486/files/14_48939258-2086-4b46-add5-675e4955adb9.png;"O Conjunto Aura une conforto, sofisticacao e uma modelagem desenvolvida para valorizar suas curvas. Confeccionado em poliamida premium, possui toque extremamente macio, confortavel e agradavel ao corpo, alem de oferecer ZERO TRANSPARENCIA, garantindo mais seguranca durante os treinos.

O top acompanha bojo removivel, proporcionando melhor sustentacao, conforto e valorizando o busto. Sua modelagem se ajusta perfeitamente ao corpo para acompanhar seus movimentos.

A legging possui cintura alta, ajudando a disfarcar a regiao da barriga e modelar a silhueta. Alem disso, sua modelagem estrategica valoriza e realca o bumbum, destacando as curvas de forma bonita e natural.

Conforto, seguranca e uma modelagem que valoriza o seu corpo.

COMO ESCOLHER O TAMANHO
Cada conjunto sai com a legging e o top no tamanho que voce escolher, e eles podem ser diferentes. Na opcao de tamanho, o primeiro valor e o da LEGGING e o segundo e o do TOP. Exemplo: M/G = legging M com top G. Se voce usa o mesmo tamanho nas duas pecas, escolha P/P, M/M ou G/G. A tabela de medidas esta nas fotos do anuncio."
#3;Conjunto Fitness Legging Cintura Alta + Top Petroleo;Azul petroleo;M/M;M;M;CTS-AURA-LM-TM;189;14;14;Novo;Nao tenho codigo universal;Contt.s;Conjunto Aura Petroleo;Feminino;Conjunto;Poliamida com elastano;Bojo removivel;Sim;Classico;Mercado Envios;Garantia do vendedor: 30 dias;350;5;22;30;https://cdn.shopify.com/s/files/1/0986/2430/7486/files/11_e3552932-1780-4696-8c2c-93416e4fc612.png, https://cdn.shopify.com/s/files/1/0986/2430/7486/files/12_e35d7013-5d49-41c7-98d1-509bd0ddcc28.png, https://cdn.shopify.com/s/files/1/0986/2430/7486/files/13_898ab4d8-a1ce-4fe0-afaa-83496462a715.png, https://cdn.shopify.com/s/files/1/0986/2430/7486/files/14_48939258-2086-4b46-add5-675e4955adb9.png;"O Conjunto Aura une conforto, sofisticacao e uma modelagem desenvolvida para valorizar suas curvas. Confeccionado em poliamida premium, possui toque extremamente macio, confortavel e agradavel ao corpo, alem de oferecer ZERO TRANSPARENCIA, garantindo mais seguranca durante os treinos.

O top acompanha bojo removivel, proporcionando melhor sustentacao, conforto e valorizando o busto. Sua modelagem se ajusta perfeitamente ao corpo para acompanhar seus movimentos.

A legging possui cintura alta, ajudando a disfarcar a regiao da barriga e modelar a silhueta. Alem disso, sua modelagem estrategica valoriza e realca o bumbum, destacando as curvas de forma bonita e natural.

Conforto, seguranca e uma modelagem que valoriza o seu corpo.

COMO ESCOLHER O TAMANHO
Cada conjunto sai com a legging e o top no tamanho que voce escolher, e eles podem ser diferentes. Na opcao de tamanho, o primeiro valor e o da LEGGING e o segundo e o do TOP. Exemplo: M/G = legging M com top G. Se voce usa o mesmo tamanho nas duas pecas, escolha P/P, M/M ou G/G. A tabela de medidas esta nas fotos do anuncio."
#3;Conjunto Fitness Legging Cintura Alta + Top Petroleo;Azul petroleo;M/G;M;G;CTS-AURA-LM-TG;189;14;14;Novo;Nao tenho codigo universal;Contt.s;Conjunto Aura Petroleo;Feminino;Conjunto;Poliamida com elastano;Bojo removivel;Sim;Classico;Mercado Envios;Garantia do vendedor: 30 dias;350;5;22;30;https://cdn.shopify.com/s/files/1/0986/2430/7486/files/11_e3552932-1780-4696-8c2c-93416e4fc612.png, https://cdn.shopify.com/s/files/1/0986/2430/7486/files/12_e35d7013-5d49-41c7-98d1-509bd0ddcc28.png, https://cdn.shopify.com/s/files/1/0986/2430/7486/files/13_898ab4d8-a1ce-4fe0-afaa-83496462a715.png, https://cdn.shopify.com/s/files/1/0986/2430/7486/files/14_48939258-2086-4b46-add5-675e4955adb9.png;"O Conjunto Aura une conforto, sofisticacao e uma modelagem desenvolvida para valorizar suas curvas. Confeccionado em poliamida premium, possui toque extremamente macio, confortavel e agradavel ao corpo, alem de oferecer ZERO TRANSPARENCIA, garantindo mais seguranca durante os treinos.

O top acompanha bojo removivel, proporcionando melhor sustentacao, conforto e valorizando o busto. Sua modelagem se ajusta perfeitamente ao corpo para acompanhar seus movimentos.

A legging possui cintura alta, ajudando a disfarcar a regiao da barriga e modelar a silhueta. Alem disso, sua modelagem estrategica valoriza e realca o bumbum, destacando as curvas de forma bonita e natural.

Conforto, seguranca e uma modelagem que valoriza o seu corpo.

COMO ESCOLHER O TAMANHO
Cada conjunto sai com a legging e o top no tamanho que voce escolher, e eles podem ser diferentes. Na opcao de tamanho, o primeiro valor e o da LEGGING e o segundo e o do TOP. Exemplo: M/G = legging M com top G. Se voce usa o mesmo tamanho nas duas pecas, escolha P/P, M/M ou G/G. A tabela de medidas esta nas fotos do anuncio."
#3;Conjunto Fitness Legging Cintura Alta + Top Petroleo;Azul petroleo;G/M;G;M;CTS-AURA-LG-TM;189;14;14;Novo;Nao tenho codigo universal;Contt.s;Conjunto Aura Petroleo;Feminino;Conjunto;Poliamida com elastano;Bojo removivel;Sim;Classico;Mercado Envios;Garantia do vendedor: 30 dias;350;5;22;30;https://cdn.shopify.com/s/files/1/0986/2430/7486/files/11_e3552932-1780-4696-8c2c-93416e4fc612.png, https://cdn.shopify.com/s/files/1/0986/2430/7486/files/12_e35d7013-5d49-41c7-98d1-509bd0ddcc28.png, https://cdn.shopify.com/s/files/1/0986/2430/7486/files/13_898ab4d8-a1ce-4fe0-afaa-83496462a715.png, https://cdn.shopify.com/s/files/1/0986/2430/7486/files/14_48939258-2086-4b46-add5-675e4955adb9.png;"O Conjunto Aura une conforto, sofisticacao e uma modelagem desenvolvida para valorizar suas curvas. Confeccionado em poliamida premium, possui toque extremamente macio, confortavel e agradavel ao corpo, alem de oferecer ZERO TRANSPARENCIA, garantindo mais seguranca durante os treinos.

O top acompanha bojo removivel, proporcionando melhor sustentacao, conforto e valorizando o busto. Sua modelagem se ajusta perfeitamente ao corpo para acompanhar seus movimentos.

A legging possui cintura alta, ajudando a disfarcar a regiao da barriga e modelar a silhueta. Alem disso, sua modelagem estrategica valoriza e realca o bumbum, destacando as curvas de forma bonita e natural.

Conforto, seguranca e uma modelagem que valoriza o seu corpo.

COMO ESCOLHER O TAMANHO
Cada conjunto sai com a legging e o top no tamanho que voce escolher, e eles podem ser diferentes. Na opcao de tamanho, o primeiro valor e o da LEGGING e o segundo e o do TOP. Exemplo: M/G = legging M com top G. Se voce usa o mesmo tamanho nas duas pecas, escolha P/P, M/M ou G/G. A tabela de medidas esta nas fotos do anuncio."
#3;Conjunto Fitness Legging Cintura Alta + Top Petroleo;Azul petroleo;G/G;G;G;CTS-AURA-LG-TG;189;14;14;Novo;Nao tenho codigo universal;Contt.s;Conjunto Aura Petroleo;Feminino;Conjunto;Poliamida com elastano;Bojo removivel;Sim;Classico;Mercado Envios;Garantia do vendedor: 30 dias;350;5;22;30;https://cdn.shopify.com/s/files/1/0986/2430/7486/files/11_e3552932-1780-4696-8c2c-93416e4fc612.png, https://cdn.shopify.com/s/files/1/0986/2430/7486/files/12_e35d7013-5d49-41c7-98d1-509bd0ddcc28.png, https://cdn.shopify.com/s/files/1/0986/2430/7486/files/13_898ab4d8-a1ce-4fe0-afaa-83496462a715.png, https://cdn.shopify.com/s/files/1/0986/2430/7486/files/14_48939258-2086-4b46-add5-675e4955adb9.png;"O Conjunto Aura une conforto, sofisticacao e uma modelagem desenvolvida para valorizar suas curvas. Confeccionado em poliamida premium, possui toque extremamente macio, confortavel e agradavel ao corpo, alem de oferecer ZERO TRANSPARENCIA, garantindo mais seguranca durante os treinos.

O top acompanha bojo removivel, proporcionando melhor sustentacao, conforto e valorizando o busto. Sua modelagem se ajusta perfeitamente ao corpo para acompanhar seus movimentos.

A legging possui cintura alta, ajudando a disfarcar a regiao da barriga e modelar a silhueta. Alem disso, sua modelagem estrategica valoriza e realca o bumbum, destacando as curvas de forma bonita e natural.

Conforto, seguranca e uma modelagem que valoriza o seu corpo.

COMO ESCOLHER O TAMANHO
Cada conjunto sai com a legging e o top no tamanho que voce escolher, e eles podem ser diferentes. Na opcao de tamanho, o primeiro valor e o da LEGGING e o segundo e o do TOP. Exemplo: M/G = legging M com top G. Se voce usa o mesmo tamanho nas duas pecas, escolha P/P, M/M ou G/G. A tabela de medidas esta nas fotos do anuncio."
#4;Conjunto Fitness Legging Cintura Alta + Top Solar Orange;Laranja;P/P;P;P;CTS-AURA-SOLAR-LP-TP;189;14;14;Novo;Nao tenho codigo universal;Contt.s;Conjunto Aura Solar Orange;Feminino;Conjunto;Poliamida com elastano;Bojo removivel;Sim;Classico;Mercado Envios;Garantia do vendedor: 30 dias;350;5;22;30;https://cdn.shopify.com/s/files/1/0986/2430/7486/files/4_51508998-643b-41ed-a3d1-688345ebf40f.png, https://cdn.shopify.com/s/files/1/0986/2430/7486/files/1_862fde68-29ab-423b-85cb-6622cfdcacd3.png, https://cdn.shopify.com/s/files/1/0986/2430/7486/files/2_93fcfeef-e45b-4c53-8ff7-879e437f8c20.png, https://cdn.shopify.com/s/files/1/0986/2430/7486/files/3_a752fa1f-6f85-4757-89f3-05006ef13d7c.png, https://cdn.shopify.com/s/files/1/0986/2430/7486/files/5_a63365ea-a917-43a2-9c75-cf321e6444f9.png;"O Conjunto Aura une conforto, sofisticacao e uma modelagem desenvolvida para valorizar suas curvas. Confeccionado em poliamida premium, possui toque extremamente macio, confortavel e agradavel ao corpo, alem de oferecer ZERO TRANSPARENCIA, garantindo mais seguranca durante os treinos.

O top acompanha bojo removivel, proporcionando melhor sustentacao, conforto e valorizando o busto. Sua modelagem se ajusta perfeitamente ao corpo para acompanhar seus movimentos.

A legging possui cintura alta, ajudando a disfarcar a regiao da barriga e modelar a silhueta. Alem disso, sua modelagem estrategica valoriza e realca o bumbum, destacando as curvas de forma bonita e natural.

Conforto, seguranca e uma modelagem que valoriza o seu corpo.

COMO ESCOLHER O TAMANHO
Cada conjunto sai com a legging e o top no tamanho que voce escolher, e eles podem ser diferentes. Na opcao de tamanho, o primeiro valor e o da LEGGING e o segundo e o do TOP. Exemplo: M/G = legging M com top G. Se voce usa o mesmo tamanho nas duas pecas, escolha P/P, M/M ou G/G. A tabela de medidas esta nas fotos do anuncio."
#4;Conjunto Fitness Legging Cintura Alta + Top Solar Orange;Laranja;M/P;M;P;CTS-AURA-SOLAR-LM-TP;189;14;14;Novo;Nao tenho codigo universal;Contt.s;Conjunto Aura Solar Orange;Feminino;Conjunto;Poliamida com elastano;Bojo removivel;Sim;Classico;Mercado Envios;Garantia do vendedor: 30 dias;350;5;22;30;https://cdn.shopify.com/s/files/1/0986/2430/7486/files/4_51508998-643b-41ed-a3d1-688345ebf40f.png, https://cdn.shopify.com/s/files/1/0986/2430/7486/files/1_862fde68-29ab-423b-85cb-6622cfdcacd3.png, https://cdn.shopify.com/s/files/1/0986/2430/7486/files/2_93fcfeef-e45b-4c53-8ff7-879e437f8c20.png, https://cdn.shopify.com/s/files/1/0986/2430/7486/files/3_a752fa1f-6f85-4757-89f3-05006ef13d7c.png, https://cdn.shopify.com/s/files/1/0986/2430/7486/files/5_a63365ea-a917-43a2-9c75-cf321e6444f9.png;"O Conjunto Aura une conforto, sofisticacao e uma modelagem desenvolvida para valorizar suas curvas. Confeccionado em poliamida premium, possui toque extremamente macio, confortavel e agradavel ao corpo, alem de oferecer ZERO TRANSPARENCIA, garantindo mais seguranca durante os treinos.

O top acompanha bojo removivel, proporcionando melhor sustentacao, conforto e valorizando o busto. Sua modelagem se ajusta perfeitamente ao corpo para acompanhar seus movimentos.

A legging possui cintura alta, ajudando a disfarcar a regiao da barriga e modelar a silhueta. Alem disso, sua modelagem estrategica valoriza e realca o bumbum, destacando as curvas de forma bonita e natural.

Conforto, seguranca e uma modelagem que valoriza o seu corpo.

COMO ESCOLHER O TAMANHO
Cada conjunto sai com a legging e o top no tamanho que voce escolher, e eles podem ser diferentes. Na opcao de tamanho, o primeiro valor e o da LEGGING e o segundo e o do TOP. Exemplo: M/G = legging M com top G. Se voce usa o mesmo tamanho nas duas pecas, escolha P/P, M/M ou G/G. A tabela de medidas esta nas fotos do anuncio."
#4;Conjunto Fitness Legging Cintura Alta + Top Solar Orange;Laranja;G/P;G;P;CTS-AURA-SOLAR-LG-TP;189;14;14;Novo;Nao tenho codigo universal;Contt.s;Conjunto Aura Solar Orange;Feminino;Conjunto;Poliamida com elastano;Bojo removivel;Sim;Classico;Mercado Envios;Garantia do vendedor: 30 dias;350;5;22;30;https://cdn.shopify.com/s/files/1/0986/2430/7486/files/4_51508998-643b-41ed-a3d1-688345ebf40f.png, https://cdn.shopify.com/s/files/1/0986/2430/7486/files/1_862fde68-29ab-423b-85cb-6622cfdcacd3.png, https://cdn.shopify.com/s/files/1/0986/2430/7486/files/2_93fcfeef-e45b-4c53-8ff7-879e437f8c20.png, https://cdn.shopify.com/s/files/1/0986/2430/7486/files/3_a752fa1f-6f85-4757-89f3-05006ef13d7c.png, https://cdn.shopify.com/s/files/1/0986/2430/7486/files/5_a63365ea-a917-43a2-9c75-cf321e6444f9.png;"O Conjunto Aura une conforto, sofisticacao e uma modelagem desenvolvida para valorizar suas curvas. Confeccionado em poliamida premium, possui toque extremamente macio, confortavel e agradavel ao corpo, alem de oferecer ZERO TRANSPARENCIA, garantindo mais seguranca durante os treinos.

O top acompanha bojo removivel, proporcionando melhor sustentacao, conforto e valorizando o busto. Sua modelagem se ajusta perfeitamente ao corpo para acompanhar seus movimentos.

A legging possui cintura alta, ajudando a disfarcar a regiao da barriga e modelar a silhueta. Alem disso, sua modelagem estrategica valoriza e realca o bumbum, destacando as curvas de forma bonita e natural.

Conforto, seguranca e uma modelagem que valoriza o seu corpo.

COMO ESCOLHER O TAMANHO
Cada conjunto sai com a legging e o top no tamanho que voce escolher, e eles podem ser diferentes. Na opcao de tamanho, o primeiro valor e o da LEGGING e o segundo e o do TOP. Exemplo: M/G = legging M com top G. Se voce usa o mesmo tamanho nas duas pecas, escolha P/P, M/M ou G/G. A tabela de medidas esta nas fotos do anuncio."
#4;Conjunto Fitness Legging Cintura Alta + Top Solar Orange;Laranja;P/M;P;M;CTS-AURA-SOLAR-LP-TM;189;14;14;Novo;Nao tenho codigo universal;Contt.s;Conjunto Aura Solar Orange;Feminino;Conjunto;Poliamida com elastano;Bojo removivel;Sim;Classico;Mercado Envios;Garantia do vendedor: 30 dias;350;5;22;30;https://cdn.shopify.com/s/files/1/0986/2430/7486/files/4_51508998-643b-41ed-a3d1-688345ebf40f.png, https://cdn.shopify.com/s/files/1/0986/2430/7486/files/1_862fde68-29ab-423b-85cb-6622cfdcacd3.png, https://cdn.shopify.com/s/files/1/0986/2430/7486/files/2_93fcfeef-e45b-4c53-8ff7-879e437f8c20.png, https://cdn.shopify.com/s/files/1/0986/2430/7486/files/3_a752fa1f-6f85-4757-89f3-05006ef13d7c.png, https://cdn.shopify.com/s/files/1/0986/2430/7486/files/5_a63365ea-a917-43a2-9c75-cf321e6444f9.png;"O Conjunto Aura une conforto, sofisticacao e uma modelagem desenvolvida para valorizar suas curvas. Confeccionado em poliamida premium, possui toque extremamente macio, confortavel e agradavel ao corpo, alem de oferecer ZERO TRANSPARENCIA, garantindo mais seguranca durante os treinos.

O top acompanha bojo removivel, proporcionando melhor sustentacao, conforto e valorizando o busto. Sua modelagem se ajusta perfeitamente ao corpo para acompanhar seus movimentos.

A legging possui cintura alta, ajudando a disfarcar a regiao da barriga e modelar a silhueta. Alem disso, sua modelagem estrategica valoriza e realca o bumbum, destacando as curvas de forma bonita e natural.

Conforto, seguranca e uma modelagem que valoriza o seu corpo.

COMO ESCOLHER O TAMANHO
Cada conjunto sai com a legging e o top no tamanho que voce escolher, e eles podem ser diferentes. Na opcao de tamanho, o primeiro valor e o da LEGGING e o segundo e o do TOP. Exemplo: M/G = legging M com top G. Se voce usa o mesmo tamanho nas duas pecas, escolha P/P, M/M ou G/G. A tabela de medidas esta nas fotos do anuncio."
#4;Conjunto Fitness Legging Cintura Alta + Top Solar Orange;Laranja;P/G;P;G;CTS-AURA-SOLAR-LP-TG;189;14;14;Novo;Nao tenho codigo universal;Contt.s;Conjunto Aura Solar Orange;Feminino;Conjunto;Poliamida com elastano;Bojo removivel;Sim;Classico;Mercado Envios;Garantia do vendedor: 30 dias;350;5;22;30;https://cdn.shopify.com/s/files/1/0986/2430/7486/files/4_51508998-643b-41ed-a3d1-688345ebf40f.png, https://cdn.shopify.com/s/files/1/0986/2430/7486/files/1_862fde68-29ab-423b-85cb-6622cfdcacd3.png, https://cdn.shopify.com/s/files/1/0986/2430/7486/files/2_93fcfeef-e45b-4c53-8ff7-879e437f8c20.png, https://cdn.shopify.com/s/files/1/0986/2430/7486/files/3_a752fa1f-6f85-4757-89f3-05006ef13d7c.png, https://cdn.shopify.com/s/files/1/0986/2430/7486/files/5_a63365ea-a917-43a2-9c75-cf321e6444f9.png;"O Conjunto Aura une conforto, sofisticacao e uma modelagem desenvolvida para valorizar suas curvas. Confeccionado em poliamida premium, possui toque extremamente macio, confortavel e agradavel ao corpo, alem de oferecer ZERO TRANSPARENCIA, garantindo mais seguranca durante os treinos.

O top acompanha bojo removivel, proporcionando melhor sustentacao, conforto e valorizando o busto. Sua modelagem se ajusta perfeitamente ao corpo para acompanhar seus movimentos.

A legging possui cintura alta, ajudando a disfarcar a regiao da barriga e modelar a silhueta. Alem disso, sua modelagem estrategica valoriza e realca o bumbum, destacando as curvas de forma bonita e natural.

Conforto, seguranca e uma modelagem que valoriza o seu corpo.

COMO ESCOLHER O TAMANHO
Cada conjunto sai com a legging e o top no tamanho que voce escolher, e eles podem ser diferentes. Na opcao de tamanho, o primeiro valor e o da LEGGING e o segundo e o do TOP. Exemplo: M/G = legging M com top G. Se voce usa o mesmo tamanho nas duas pecas, escolha P/P, M/M ou G/G. A tabela de medidas esta nas fotos do anuncio."
#4;Conjunto Fitness Legging Cintura Alta + Top Solar Orange;Laranja;M/M;M;M;CTS-AURA-SOLAR-LM-TM;189;14;14;Novo;Nao tenho codigo universal;Contt.s;Conjunto Aura Solar Orange;Feminino;Conjunto;Poliamida com elastano;Bojo removivel;Sim;Classico;Mercado Envios;Garantia do vendedor: 30 dias;350;5;22;30;https://cdn.shopify.com/s/files/1/0986/2430/7486/files/4_51508998-643b-41ed-a3d1-688345ebf40f.png, https://cdn.shopify.com/s/files/1/0986/2430/7486/files/1_862fde68-29ab-423b-85cb-6622cfdcacd3.png, https://cdn.shopify.com/s/files/1/0986/2430/7486/files/2_93fcfeef-e45b-4c53-8ff7-879e437f8c20.png, https://cdn.shopify.com/s/files/1/0986/2430/7486/files/3_a752fa1f-6f85-4757-89f3-05006ef13d7c.png, https://cdn.shopify.com/s/files/1/0986/2430/7486/files/5_a63365ea-a917-43a2-9c75-cf321e6444f9.png;"O Conjunto Aura une conforto, sofisticacao e uma modelagem desenvolvida para valorizar suas curvas. Confeccionado em poliamida premium, possui toque extremamente macio, confortavel e agradavel ao corpo, alem de oferecer ZERO TRANSPARENCIA, garantindo mais seguranca durante os treinos.

O top acompanha bojo removivel, proporcionando melhor sustentacao, conforto e valorizando o busto. Sua modelagem se ajusta perfeitamente ao corpo para acompanhar seus movimentos.

A legging possui cintura alta, ajudando a disfarcar a regiao da barriga e modelar a silhueta. Alem disso, sua modelagem estrategica valoriza e realca o bumbum, destacando as curvas de forma bonita e natural.

Conforto, seguranca e uma modelagem que valoriza o seu corpo.

COMO ESCOLHER O TAMANHO
Cada conjunto sai com a legging e o top no tamanho que voce escolher, e eles podem ser diferentes. Na opcao de tamanho, o primeiro valor e o da LEGGING e o segundo e o do TOP. Exemplo: M/G = legging M com top G. Se voce usa o mesmo tamanho nas duas pecas, escolha P/P, M/M ou G/G. A tabela de medidas esta nas fotos do anuncio."
#4;Conjunto Fitness Legging Cintura Alta + Top Solar Orange;Laranja;M/G;M;G;CTS-AURA-SOLAR-LM-TG;189;14;14;Novo;Nao tenho codigo universal;Contt.s;Conjunto Aura Solar Orange;Feminino;Conjunto;Poliamida com elastano;Bojo removivel;Sim;Classico;Mercado Envios;Garantia do vendedor: 30 dias;350;5;22;30;https://cdn.shopify.com/s/files/1/0986/2430/7486/files/4_51508998-643b-41ed-a3d1-688345ebf40f.png, https://cdn.shopify.com/s/files/1/0986/2430/7486/files/1_862fde68-29ab-423b-85cb-6622cfdcacd3.png, https://cdn.shopify.com/s/files/1/0986/2430/7486/files/2_93fcfeef-e45b-4c53-8ff7-879e437f8c20.png, https://cdn.shopify.com/s/files/1/0986/2430/7486/files/3_a752fa1f-6f85-4757-89f3-05006ef13d7c.png, https://cdn.shopify.com/s/files/1/0986/2430/7486/files/5_a63365ea-a917-43a2-9c75-cf321e6444f9.png;"O Conjunto Aura une conforto, sofisticacao e uma modelagem desenvolvida para valorizar suas curvas. Confeccionado em poliamida premium, possui toque extremamente macio, confortavel e agradavel ao corpo, alem de oferecer ZERO TRANSPARENCIA, garantindo mais seguranca durante os treinos.

O top acompanha bojo removivel, proporcionando melhor sustentacao, conforto e valorizando o busto. Sua modelagem se ajusta perfeitamente ao corpo para acompanhar seus movimentos.

A legging possui cintura alta, ajudando a disfarcar a regiao da barriga e modelar a silhueta. Alem disso, sua modelagem estrategica valoriza e realca o bumbum, destacando as curvas de forma bonita e natural.

Conforto, seguranca e uma modelagem que valoriza o seu corpo.

COMO ESCOLHER O TAMANHO
Cada conjunto sai com a legging e o top no tamanho que voce escolher, e eles podem ser diferentes. Na opcao de tamanho, o primeiro valor e o da LEGGING e o segundo e o do TOP. Exemplo: M/G = legging M com top G. Se voce usa o mesmo tamanho nas duas pecas, escolha P/P, M/M ou G/G. A tabela de medidas esta nas fotos do anuncio."
#4;Conjunto Fitness Legging Cintura Alta + Top Solar Orange;Laranja;G/M;G;M;CTS-AURA-SOLAR-LG-TM;189;14;14;Novo;Nao tenho codigo universal;Contt.s;Conjunto Aura Solar Orange;Feminino;Conjunto;Poliamida com elastano;Bojo removivel;Sim;Classico;Mercado Envios;Garantia do vendedor: 30 dias;350;5;22;30;https://cdn.shopify.com/s/files/1/0986/2430/7486/files/4_51508998-643b-41ed-a3d1-688345ebf40f.png, https://cdn.shopify.com/s/files/1/0986/2430/7486/files/1_862fde68-29ab-423b-85cb-6622cfdcacd3.png, https://cdn.shopify.com/s/files/1/0986/2430/7486/files/2_93fcfeef-e45b-4c53-8ff7-879e437f8c20.png, https://cdn.shopify.com/s/files/1/0986/2430/7486/files/3_a752fa1f-6f85-4757-89f3-05006ef13d7c.png, https://cdn.shopify.com/s/files/1/0986/2430/7486/files/5_a63365ea-a917-43a2-9c75-cf321e6444f9.png;"O Conjunto Aura une conforto, sofisticacao e uma modelagem desenvolvida para valorizar suas curvas. Confeccionado em poliamida premium, possui toque extremamente macio, confortavel e agradavel ao corpo, alem de oferecer ZERO TRANSPARENCIA, garantindo mais seguranca durante os treinos.

O top acompanha bojo removivel, proporcionando melhor sustentacao, conforto e valorizando o busto. Sua modelagem se ajusta perfeitamente ao corpo para acompanhar seus movimentos.

A legging possui cintura alta, ajudando a disfarcar a regiao da barriga e modelar a silhueta. Alem disso, sua modelagem estrategica valoriza e realca o bumbum, destacando as curvas de forma bonita e natural.

Conforto, seguranca e uma modelagem que valoriza o seu corpo.

COMO ESCOLHER O TAMANHO
Cada conjunto sai com a legging e o top no tamanho que voce escolher, e eles podem ser diferentes. Na opcao de tamanho, o primeiro valor e o da LEGGING e o segundo e o do TOP. Exemplo: M/G = legging M com top G. Se voce usa o mesmo tamanho nas duas pecas, escolha P/P, M/M ou G/G. A tabela de medidas esta nas fotos do anuncio."
#4;Conjunto Fitness Legging Cintura Alta + Top Solar Orange;Laranja;G/G;G;G;CTS-AURA-SOLAR-LG-TG;189;14;14;Novo;Nao tenho codigo universal;Contt.s;Conjunto Aura Solar Orange;Feminino;Conjunto;Poliamida com elastano;Bojo removivel;Sim;Classico;Mercado Envios;Garantia do vendedor: 30 dias;350;5;22;30;https://cdn.shopify.com/s/files/1/0986/2430/7486/files/4_51508998-643b-41ed-a3d1-688345ebf40f.png, https://cdn.shopify.com/s/files/1/0986/2430/7486/files/1_862fde68-29ab-423b-85cb-6622cfdcacd3.png, https://cdn.shopify.com/s/files/1/0986/2430/7486/files/2_93fcfeef-e45b-4c53-8ff7-879e437f8c20.png, https://cdn.shopify.com/s/files/1/0986/2430/7486/files/3_a752fa1f-6f85-4757-89f3-05006ef13d7c.png, https://cdn.shopify.com/s/files/1/0986/2430/7486/files/5_a63365ea-a917-43a2-9c75-cf321e6444f9.png;"O Conjunto Aura une conforto, sofisticacao e uma modelagem desenvolvida para valorizar suas curvas. Confeccionado em poliamida premium, possui toque extremamente macio, confortavel e agradavel ao corpo, alem de oferecer ZERO TRANSPARENCIA, garantindo mais seguranca durante os treinos.

O top acompanha bojo removivel, proporcionando melhor sustentacao, conforto e valorizando o busto. Sua modelagem se ajusta perfeitamente ao corpo para acompanhar seus movimentos.

A legging possui cintura alta, ajudando a disfarcar a regiao da barriga e modelar a silhueta. Alem disso, sua modelagem estrategica valoriza e realca o bumbum, destacando as curvas de forma bonita e natural.

Conforto, seguranca e uma modelagem que valoriza o seu corpo.

COMO ESCOLHER O TAMANHO
Cada conjunto sai com a legging e o top no tamanho que voce escolher, e eles podem ser diferentes. Na opcao de tamanho, o primeiro valor e o da LEGGING e o segundo e o do TOP. Exemplo: M/G = legging M com top G. Se voce usa o mesmo tamanho nas duas pecas, escolha P/P, M/M ou G/G. A tabela de medidas esta nas fotos do anuncio."
#5;Conjunto Fitness Legging Cintura Alta + Top Bronze;Bronze;P/P;P;P;CTS-AURA-BRONZE-LP-TP;189;13;13;Novo;Nao tenho codigo universal;Contt.s;Conjunto Aura Bronze;Feminino;Conjunto;Poliamida com elastano;Bojo removivel;Sim;Classico;Mercado Envios;Garantia do vendedor: 30 dias;350;5;22;30;https://cdn.shopify.com/s/files/1/0986/2430/7486/files/6_8a345ae5-9d03-479b-8104-ad3d564facf3.png, https://cdn.shopify.com/s/files/1/0986/2430/7486/files/9_84752be2-f1ee-47e4-8788-919b83d40b52.png, https://cdn.shopify.com/s/files/1/0986/2430/7486/files/7_26b7815b-1529-4c74-b681-6dd89e56e98a.png, https://cdn.shopify.com/s/files/1/0986/2430/7486/files/10_0653cd3c-7a50-4762-974f-5a55b71b1827.png, https://cdn.shopify.com/s/files/1/0986/2430/7486/files/8_7684cb2f-6b22-4982-a402-0ae092619f47.png;"O Conjunto Aura une conforto, sofisticacao e uma modelagem desenvolvida para valorizar suas curvas. Confeccionado em poliamida premium, possui toque extremamente macio, confortavel e agradavel ao corpo, alem de oferecer ZERO TRANSPARENCIA, garantindo mais seguranca durante os treinos.

O top acompanha bojo removivel, proporcionando melhor sustentacao, conforto e valorizando o busto. Sua modelagem se ajusta perfeitamente ao corpo para acompanhar seus movimentos.

A legging possui cintura alta, ajudando a disfarcar a regiao da barriga e modelar a silhueta. Alem disso, sua modelagem estrategica valoriza e realca o bumbum, destacando as curvas de forma bonita e natural.

Conforto, seguranca e uma modelagem que valoriza o seu corpo.

COMO ESCOLHER O TAMANHO
Cada conjunto sai com a legging e o top no tamanho que voce escolher, e eles podem ser diferentes. Na opcao de tamanho, o primeiro valor e o da LEGGING e o segundo e o do TOP. Exemplo: M/G = legging M com top G. Se voce usa o mesmo tamanho nas duas pecas, escolha P/P, M/M ou G/G. A tabela de medidas esta nas fotos do anuncio."
#5;Conjunto Fitness Legging Cintura Alta + Top Bronze;Bronze;M/P;M;P;CTS-AURA-BRONZE-LM-TP;189;13;13;Novo;Nao tenho codigo universal;Contt.s;Conjunto Aura Bronze;Feminino;Conjunto;Poliamida com elastano;Bojo removivel;Sim;Classico;Mercado Envios;Garantia do vendedor: 30 dias;350;5;22;30;https://cdn.shopify.com/s/files/1/0986/2430/7486/files/6_8a345ae5-9d03-479b-8104-ad3d564facf3.png, https://cdn.shopify.com/s/files/1/0986/2430/7486/files/9_84752be2-f1ee-47e4-8788-919b83d40b52.png, https://cdn.shopify.com/s/files/1/0986/2430/7486/files/7_26b7815b-1529-4c74-b681-6dd89e56e98a.png, https://cdn.shopify.com/s/files/1/0986/2430/7486/files/10_0653cd3c-7a50-4762-974f-5a55b71b1827.png, https://cdn.shopify.com/s/files/1/0986/2430/7486/files/8_7684cb2f-6b22-4982-a402-0ae092619f47.png;"O Conjunto Aura une conforto, sofisticacao e uma modelagem desenvolvida para valorizar suas curvas. Confeccionado em poliamida premium, possui toque extremamente macio, confortavel e agradavel ao corpo, alem de oferecer ZERO TRANSPARENCIA, garantindo mais seguranca durante os treinos.

O top acompanha bojo removivel, proporcionando melhor sustentacao, conforto e valorizando o busto. Sua modelagem se ajusta perfeitamente ao corpo para acompanhar seus movimentos.

A legging possui cintura alta, ajudando a disfarcar a regiao da barriga e modelar a silhueta. Alem disso, sua modelagem estrategica valoriza e realca o bumbum, destacando as curvas de forma bonita e natural.

Conforto, seguranca e uma modelagem que valoriza o seu corpo.

COMO ESCOLHER O TAMANHO
Cada conjunto sai com a legging e o top no tamanho que voce escolher, e eles podem ser diferentes. Na opcao de tamanho, o primeiro valor e o da LEGGING e o segundo e o do TOP. Exemplo: M/G = legging M com top G. Se voce usa o mesmo tamanho nas duas pecas, escolha P/P, M/M ou G/G. A tabela de medidas esta nas fotos do anuncio."
#5;Conjunto Fitness Legging Cintura Alta + Top Bronze;Bronze;G/P;G;P;CTS-AURA-BRONZE-LG-TP;189;13;13;Novo;Nao tenho codigo universal;Contt.s;Conjunto Aura Bronze;Feminino;Conjunto;Poliamida com elastano;Bojo removivel;Sim;Classico;Mercado Envios;Garantia do vendedor: 30 dias;350;5;22;30;https://cdn.shopify.com/s/files/1/0986/2430/7486/files/6_8a345ae5-9d03-479b-8104-ad3d564facf3.png, https://cdn.shopify.com/s/files/1/0986/2430/7486/files/9_84752be2-f1ee-47e4-8788-919b83d40b52.png, https://cdn.shopify.com/s/files/1/0986/2430/7486/files/7_26b7815b-1529-4c74-b681-6dd89e56e98a.png, https://cdn.shopify.com/s/files/1/0986/2430/7486/files/10_0653cd3c-7a50-4762-974f-5a55b71b1827.png, https://cdn.shopify.com/s/files/1/0986/2430/7486/files/8_7684cb2f-6b22-4982-a402-0ae092619f47.png;"O Conjunto Aura une conforto, sofisticacao e uma modelagem desenvolvida para valorizar suas curvas. Confeccionado em poliamida premium, possui toque extremamente macio, confortavel e agradavel ao corpo, alem de oferecer ZERO TRANSPARENCIA, garantindo mais seguranca durante os treinos.

O top acompanha bojo removivel, proporcionando melhor sustentacao, conforto e valorizando o busto. Sua modelagem se ajusta perfeitamente ao corpo para acompanhar seus movimentos.

A legging possui cintura alta, ajudando a disfarcar a regiao da barriga e modelar a silhueta. Alem disso, sua modelagem estrategica valoriza e realca o bumbum, destacando as curvas de forma bonita e natural.

Conforto, seguranca e uma modelagem que valoriza o seu corpo.

COMO ESCOLHER O TAMANHO
Cada conjunto sai com a legging e o top no tamanho que voce escolher, e eles podem ser diferentes. Na opcao de tamanho, o primeiro valor e o da LEGGING e o segundo e o do TOP. Exemplo: M/G = legging M com top G. Se voce usa o mesmo tamanho nas duas pecas, escolha P/P, M/M ou G/G. A tabela de medidas esta nas fotos do anuncio."
#5;Conjunto Fitness Legging Cintura Alta + Top Bronze;Bronze;P/M;P;M;CTS-AURA-BRONZE-LP-TM;189;13;13;Novo;Nao tenho codigo universal;Contt.s;Conjunto Aura Bronze;Feminino;Conjunto;Poliamida com elastano;Bojo removivel;Sim;Classico;Mercado Envios;Garantia do vendedor: 30 dias;350;5;22;30;https://cdn.shopify.com/s/files/1/0986/2430/7486/files/6_8a345ae5-9d03-479b-8104-ad3d564facf3.png, https://cdn.shopify.com/s/files/1/0986/2430/7486/files/9_84752be2-f1ee-47e4-8788-919b83d40b52.png, https://cdn.shopify.com/s/files/1/0986/2430/7486/files/7_26b7815b-1529-4c74-b681-6dd89e56e98a.png, https://cdn.shopify.com/s/files/1/0986/2430/7486/files/10_0653cd3c-7a50-4762-974f-5a55b71b1827.png, https://cdn.shopify.com/s/files/1/0986/2430/7486/files/8_7684cb2f-6b22-4982-a402-0ae092619f47.png;"O Conjunto Aura une conforto, sofisticacao e uma modelagem desenvolvida para valorizar suas curvas. Confeccionado em poliamida premium, possui toque extremamente macio, confortavel e agradavel ao corpo, alem de oferecer ZERO TRANSPARENCIA, garantindo mais seguranca durante os treinos.

O top acompanha bojo removivel, proporcionando melhor sustentacao, conforto e valorizando o busto. Sua modelagem se ajusta perfeitamente ao corpo para acompanhar seus movimentos.

A legging possui cintura alta, ajudando a disfarcar a regiao da barriga e modelar a silhueta. Alem disso, sua modelagem estrategica valoriza e realca o bumbum, destacando as curvas de forma bonita e natural.

Conforto, seguranca e uma modelagem que valoriza o seu corpo.

COMO ESCOLHER O TAMANHO
Cada conjunto sai com a legging e o top no tamanho que voce escolher, e eles podem ser diferentes. Na opcao de tamanho, o primeiro valor e o da LEGGING e o segundo e o do TOP. Exemplo: M/G = legging M com top G. Se voce usa o mesmo tamanho nas duas pecas, escolha P/P, M/M ou G/G. A tabela de medidas esta nas fotos do anuncio."
#5;Conjunto Fitness Legging Cintura Alta + Top Bronze;Bronze;P/G;P;G;CTS-AURA-BRONZE-LP-TG;189;13;13;Novo;Nao tenho codigo universal;Contt.s;Conjunto Aura Bronze;Feminino;Conjunto;Poliamida com elastano;Bojo removivel;Sim;Classico;Mercado Envios;Garantia do vendedor: 30 dias;350;5;22;30;https://cdn.shopify.com/s/files/1/0986/2430/7486/files/6_8a345ae5-9d03-479b-8104-ad3d564facf3.png, https://cdn.shopify.com/s/files/1/0986/2430/7486/files/9_84752be2-f1ee-47e4-8788-919b83d40b52.png, https://cdn.shopify.com/s/files/1/0986/2430/7486/files/7_26b7815b-1529-4c74-b681-6dd89e56e98a.png, https://cdn.shopify.com/s/files/1/0986/2430/7486/files/10_0653cd3c-7a50-4762-974f-5a55b71b1827.png, https://cdn.shopify.com/s/files/1/0986/2430/7486/files/8_7684cb2f-6b22-4982-a402-0ae092619f47.png;"O Conjunto Aura une conforto, sofisticacao e uma modelagem desenvolvida para valorizar suas curvas. Confeccionado em poliamida premium, possui toque extremamente macio, confortavel e agradavel ao corpo, alem de oferecer ZERO TRANSPARENCIA, garantindo mais seguranca durante os treinos.

O top acompanha bojo removivel, proporcionando melhor sustentacao, conforto e valorizando o busto. Sua modelagem se ajusta perfeitamente ao corpo para acompanhar seus movimentos.

A legging possui cintura alta, ajudando a disfarcar a regiao da barriga e modelar a silhueta. Alem disso, sua modelagem estrategica valoriza e realca o bumbum, destacando as curvas de forma bonita e natural.

Conforto, seguranca e uma modelagem que valoriza o seu corpo.

COMO ESCOLHER O TAMANHO
Cada conjunto sai com a legging e o top no tamanho que voce escolher, e eles podem ser diferentes. Na opcao de tamanho, o primeiro valor e o da LEGGING e o segundo e o do TOP. Exemplo: M/G = legging M com top G. Se voce usa o mesmo tamanho nas duas pecas, escolha P/P, M/M ou G/G. A tabela de medidas esta nas fotos do anuncio."
#5;Conjunto Fitness Legging Cintura Alta + Top Bronze;Bronze;M/M;M;M;CTS-AURA-BRONZE-LM-TM;189;13;13;Novo;Nao tenho codigo universal;Contt.s;Conjunto Aura Bronze;Feminino;Conjunto;Poliamida com elastano;Bojo removivel;Sim;Classico;Mercado Envios;Garantia do vendedor: 30 dias;350;5;22;30;https://cdn.shopify.com/s/files/1/0986/2430/7486/files/6_8a345ae5-9d03-479b-8104-ad3d564facf3.png, https://cdn.shopify.com/s/files/1/0986/2430/7486/files/9_84752be2-f1ee-47e4-8788-919b83d40b52.png, https://cdn.shopify.com/s/files/1/0986/2430/7486/files/7_26b7815b-1529-4c74-b681-6dd89e56e98a.png, https://cdn.shopify.com/s/files/1/0986/2430/7486/files/10_0653cd3c-7a50-4762-974f-5a55b71b1827.png, https://cdn.shopify.com/s/files/1/0986/2430/7486/files/8_7684cb2f-6b22-4982-a402-0ae092619f47.png;"O Conjunto Aura une conforto, sofisticacao e uma modelagem desenvolvida para valorizar suas curvas. Confeccionado em poliamida premium, possui toque extremamente macio, confortavel e agradavel ao corpo, alem de oferecer ZERO TRANSPARENCIA, garantindo mais seguranca durante os treinos.

O top acompanha bojo removivel, proporcionando melhor sustentacao, conforto e valorizando o busto. Sua modelagem se ajusta perfeitamente ao corpo para acompanhar seus movimentos.

A legging possui cintura alta, ajudando a disfarcar a regiao da barriga e modelar a silhueta. Alem disso, sua modelagem estrategica valoriza e realca o bumbum, destacando as curvas de forma bonita e natural.

Conforto, seguranca e uma modelagem que valoriza o seu corpo.

COMO ESCOLHER O TAMANHO
Cada conjunto sai com a legging e o top no tamanho que voce escolher, e eles podem ser diferentes. Na opcao de tamanho, o primeiro valor e o da LEGGING e o segundo e o do TOP. Exemplo: M/G = legging M com top G. Se voce usa o mesmo tamanho nas duas pecas, escolha P/P, M/M ou G/G. A tabela de medidas esta nas fotos do anuncio."
#5;Conjunto Fitness Legging Cintura Alta + Top Bronze;Bronze;M/G;M;G;CTS-AURA-BRONZE-LM-TG;189;13;13;Novo;Nao tenho codigo universal;Contt.s;Conjunto Aura Bronze;Feminino;Conjunto;Poliamida com elastano;Bojo removivel;Sim;Classico;Mercado Envios;Garantia do vendedor: 30 dias;350;5;22;30;https://cdn.shopify.com/s/files/1/0986/2430/7486/files/6_8a345ae5-9d03-479b-8104-ad3d564facf3.png, https://cdn.shopify.com/s/files/1/0986/2430/7486/files/9_84752be2-f1ee-47e4-8788-919b83d40b52.png, https://cdn.shopify.com/s/files/1/0986/2430/7486/files/7_26b7815b-1529-4c74-b681-6dd89e56e98a.png, https://cdn.shopify.com/s/files/1/0986/2430/7486/files/10_0653cd3c-7a50-4762-974f-5a55b71b1827.png, https://cdn.shopify.com/s/files/1/0986/2430/7486/files/8_7684cb2f-6b22-4982-a402-0ae092619f47.png;"O Conjunto Aura une conforto, sofisticacao e uma modelagem desenvolvida para valorizar suas curvas. Confeccionado em poliamida premium, possui toque extremamente macio, confortavel e agradavel ao corpo, alem de oferecer ZERO TRANSPARENCIA, garantindo mais seguranca durante os treinos.

O top acompanha bojo removivel, proporcionando melhor sustentacao, conforto e valorizando o busto. Sua modelagem se ajusta perfeitamente ao corpo para acompanhar seus movimentos.

A legging possui cintura alta, ajudando a disfarcar a regiao da barriga e modelar a silhueta. Alem disso, sua modelagem estrategica valoriza e realca o bumbum, destacando as curvas de forma bonita e natural.

Conforto, seguranca e uma modelagem que valoriza o seu corpo.

COMO ESCOLHER O TAMANHO
Cada conjunto sai com a legging e o top no tamanho que voce escolher, e eles podem ser diferentes. Na opcao de tamanho, o primeiro valor e o da LEGGING e o segundo e o do TOP. Exemplo: M/G = legging M com top G. Se voce usa o mesmo tamanho nas duas pecas, escolha P/P, M/M ou G/G. A tabela de medidas esta nas fotos do anuncio."
#5;Conjunto Fitness Legging Cintura Alta + Top Bronze;Bronze;G/M;G;M;CTS-AURA-BRONZE-LG-TM;189;13;13;Novo;Nao tenho codigo universal;Contt.s;Conjunto Aura Bronze;Feminino;Conjunto;Poliamida com elastano;Bojo removivel;Sim;Classico;Mercado Envios;Garantia do vendedor: 30 dias;350;5;22;30;https://cdn.shopify.com/s/files/1/0986/2430/7486/files/6_8a345ae5-9d03-479b-8104-ad3d564facf3.png, https://cdn.shopify.com/s/files/1/0986/2430/7486/files/9_84752be2-f1ee-47e4-8788-919b83d40b52.png, https://cdn.shopify.com/s/files/1/0986/2430/7486/files/7_26b7815b-1529-4c74-b681-6dd89e56e98a.png, https://cdn.shopify.com/s/files/1/0986/2430/7486/files/10_0653cd3c-7a50-4762-974f-5a55b71b1827.png, https://cdn.shopify.com/s/files/1/0986/2430/7486/files/8_7684cb2f-6b22-4982-a402-0ae092619f47.png;"O Conjunto Aura une conforto, sofisticacao e uma modelagem desenvolvida para valorizar suas curvas. Confeccionado em poliamida premium, possui toque extremamente macio, confortavel e agradavel ao corpo, alem de oferecer ZERO TRANSPARENCIA, garantindo mais seguranca durante os treinos.

O top acompanha bojo removivel, proporcionando melhor sustentacao, conforto e valorizando o busto. Sua modelagem se ajusta perfeitamente ao corpo para acompanhar seus movimentos.

A legging possui cintura alta, ajudando a disfarcar a regiao da barriga e modelar a silhueta. Alem disso, sua modelagem estrategica valoriza e realca o bumbum, destacando as curvas de forma bonita e natural.

Conforto, seguranca e uma modelagem que valoriza o seu corpo.

COMO ESCOLHER O TAMANHO
Cada conjunto sai com a legging e o top no tamanho que voce escolher, e eles podem ser diferentes. Na opcao de tamanho, o primeiro valor e o da LEGGING e o segundo e o do TOP. Exemplo: M/G = legging M com top G. Se voce usa o mesmo tamanho nas duas pecas, escolha P/P, M/M ou G/G. A tabela de medidas esta nas fotos do anuncio."
#5;Conjunto Fitness Legging Cintura Alta + Top Bronze;Bronze;G/G;G;G;CTS-AURA-BRONZE-LG-TG;189;13;13;Novo;Nao tenho codigo universal;Contt.s;Conjunto Aura Bronze;Feminino;Conjunto;Poliamida com elastano;Bojo removivel;Sim;Classico;Mercado Envios;Garantia do vendedor: 30 dias;350;5;22;30;https://cdn.shopify.com/s/files/1/0986/2430/7486/files/6_8a345ae5-9d03-479b-8104-ad3d564facf3.png, https://cdn.shopify.com/s/files/1/0986/2430/7486/files/9_84752be2-f1ee-47e4-8788-919b83d40b52.png, https://cdn.shopify.com/s/files/1/0986/2430/7486/files/7_26b7815b-1529-4c74-b681-6dd89e56e98a.png, https://cdn.shopify.com/s/files/1/0986/2430/7486/files/10_0653cd3c-7a50-4762-974f-5a55b71b1827.png, https://cdn.shopify.com/s/files/1/0986/2430/7486/files/8_7684cb2f-6b22-4982-a402-0ae092619f47.png;"O Conjunto Aura une conforto, sofisticacao e uma modelagem desenvolvida para valorizar suas curvas. Confeccionado em poliamida premium, possui toque extremamente macio, confortavel e agradavel ao corpo, alem de oferecer ZERO TRANSPARENCIA, garantindo mais seguranca durante os treinos.

O top acompanha bojo removivel, proporcionando melhor sustentacao, conforto e valorizando o busto. Sua modelagem se ajusta perfeitamente ao corpo para acompanhar seus movimentos.

A legging possui cintura alta, ajudando a disfarcar a regiao da barriga e modelar a silhueta. Alem disso, sua modelagem estrategica valoriza e realca o bumbum, destacando as curvas de forma bonita e natural.

Conforto, seguranca e uma modelagem que valoriza o seu corpo.

COMO ESCOLHER O TAMANHO
Cada conjunto sai com a legging e o top no tamanho que voce escolher, e eles podem ser diferentes. Na opcao de tamanho, o primeiro valor e o da LEGGING e o segundo e o do TOP. Exemplo: M/G = legging M com top G. Se voce usa o mesmo tamanho nas duas pecas, escolha P/P, M/M ou G/G. A tabela de medidas esta nas fotos do anuncio."
